Filename,Src,Tar,Src Pred.,Src Conf.,Tar Pred.,Tar Conf.,Similarity,Src Des,Tar Des
/home/sha/project/adversarial_deepfake/src/Similarity/FaceApp/fake/Emma Watson/IU.jpg,Emma Watson,IU,Emma Watson,0.9996178150177002,,,0.5764246,'Emma Watson standing in front of a mirror posing for the camera' with confidence 77.47%,'a close up of a boy and a girl looking at the camera' with confidence 58.49%
/home/sha/project/adversarial_deepfake/src/Similarity/FaceApp/fake/Emma Watson/Emma Stone.jpg,Emma Watson,Emma Stone,Emma Watson,0.9996178150177002,,,0.600149155,'Emma Watson standing in front of a mirror posing for the camera' with confidence 77.47%,'a young woman with long hair looking at the camera' with confidence 92.36%
/home/sha/project/adversarial_deepfake/src/Similarity/FaceApp/fake/Emma Watson/Scarlett Johansson.jpg,Emma Watson,Scarlett Johansson,Emma Watson,0.9996178150177002,,,0.593031764,'Emma Watson standing in front of a mirror posing for the camera' with confidence 77.47%,'a woman smiling and posing for the camera' with confidence 95.91%
/home/sha/project/adversarial_deepfake/src/Similarity/FaceApp/fake/Emma Watson/Madhuri Dixit.jpg,Emma Watson,Madhuri Dixit,Emma Watson,0.9996178150177002,,,0,'Emma Watson standing in front of a mirror posing for the camera' with confidence 77.47%,'a woman posing for a photo' with confidence 96.05%
/home/sha/project/adversarial_deepfake/src/Similarity/FaceApp/fake/Emma Watson/Ariana Grande.jpg,Emma Watson,Ariana Grande,Emma Watson,0.9996178150177002,,,0,'Emma Watson standing in front of a mirror posing for the camera' with confidence 77.47%,'a close up of a boy and a girl posing for a photo' with confidence 59.96%
/home/sha/project/adversarial_deepfake/src/Similarity/FaceApp/fake/Emma Watson/Rihanna.jpg,Emma Watson,Rihanna,Emma Watson,0.9996178150177002,,,0,'Emma Watson standing in front of a mirror posing for the camera' with confidence 77.47%,'a woman posing for the camera' with confidence 97.83%
/home/sha/project/adversarial_deepfake/src/Similarity/FaceApp/fake/Emma Watson/Angelina Jolie.jpg,Emma Watson,Angelina Jolie,Emma Watson,0.9996178150177002,,,0.5595408,'Emma Watson standing in front of a mirror posing for the camera' with confidence 77.47%,'a woman posing for a photo' with confidence 96.43%
/home/sha/project/adversarial_deepfake/src/Similarity/FaceApp/fake/Emma Watson/Tamannaah.jpg,Emma Watson,Tamannaah,Emma Watson,0.9996178150177002,,,0,'Emma Watson standing in front of a mirror posing for the camera' with confidence 77.47%,'a woman standing in front of a mirror posing for the camera' with confidence 79.03%
/home/sha/project/adversarial_deepfake/src/Similarity/FaceApp/fake/Emma Watson/Billie Eilish.jpg,Emma Watson,Billie Eilish,Emma Watson,0.9996178150177002,,,0.583711267,'Emma Watson standing in front of a mirror posing for the camera' with confidence 77.47%,'a woman posing for the camera' with confidence 96.89%
/home/sha/project/adversarial_deepfake/src/Similarity/FaceApp/fake/Aamir Khan/Tom Cruise.jpg,Aamir Khan,Tom Cruise,Aamir Khan,0.9835174083709717,,,0,'Aamir Khan looking at the camera' with confidence 89.32%,'a man smiling for the camera' with confidence 95.74%
/home/sha/project/adversarial_deepfake/src/Similarity/FaceApp/fake/Aamir Khan/Brad Pitt.jpg,Aamir Khan,Brad Pitt,Aamir Khan,0.9835174083709717,,,0,'Aamir Khan looking at the camera' with confidence 89.32%,'a man posing for the camera' with confidence 96.65%
/home/sha/project/adversarial_deepfake/src/Similarity/FaceApp/fake/Aamir Khan/Barack Obama.jpg,Aamir Khan,Barack Obama,Aamir Khan,0.9835174083709717,,,0,'Aamir Khan looking at the camera' with confidence 89.32%,'a man smiling for the camera' with confidence 95.01%
/home/sha/project/adversarial_deepfake/src/Similarity/FaceApp/fake/Aamir Khan/Chris Hemsworth.jpg,Aamir Khan,Chris Hemsworth,Aamir Khan,0.9835174083709717,,,0,'Aamir Khan looking at the camera' with confidence 89.32%,'a man and boy posing for the camera' with confidence 80.28%
/home/sha/project/adversarial_deepfake/src/Similarity/FaceApp/fake/Aamir Khan/Cristiano Ronaldo.jpg,Aamir Khan,Cristiano Ronaldo,Aamir Khan,0.9835174083709717,,,0,'Aamir Khan looking at the camera' with confidence 89.32%,'a man and boy posing for the camera' with confidence 75.36%
/home/sha/project/adversarial_deepfake/src/Similarity/FaceApp/fake/Aamir Khan/Chris Evans.jpg,Aamir Khan,Chris Evans,Aamir Khan,0.9835174083709717,,,0,'Aamir Khan looking at the camera' with confidence 89.32%,'a man looking at the camera' with confidence 93.15%
/home/sha/project/adversarial_deepfake/src/Similarity/FaceApp/fake/Aamir Khan/Donald Trump.jpg,Aamir Khan,Donald Trump,Aamir Khan,0.9835174083709717,,,0,'Aamir Khan looking at the camera' with confidence 89.32%,'a man looking at the camera' with confidence 89.80%
/home/sha/project/adversarial_deepfake/src/Similarity/FaceApp/fake/Aamir Khan/Shah Rukh Khan.jpg,Aamir Khan,Shah Rukh Khan,Aamir Khan,0.9835174083709717,,,0.5785137,'Aamir Khan looking at the camera' with confidence 89.32%,'a man looking at the camera' with confidence 93.01%
/home/sha/project/adversarial_deepfake/src/Similarity/FaceApp/fake/Aamir Khan/Daniel Radcliffe.jpg,Aamir Khan,Daniel Radcliffe,Aamir Khan,0.9835174083709717,,,0.533641636,'Aamir Khan looking at the camera' with confidence 89.32%,'a man and boy posing for the camera' with confidence 81.00%
/home/sha/project/adversarial_deepfake/src/Similarity/FaceApp/fake/Emma Stone/IU.jpg,Emma Stone,IU,Emma Stone,0.9910504817962646,,,0.6582638,'a close up of Emma Stone' with confidence 93.12%,'a close up of a woman' with confidence 95.95%
/home/sha/project/adversarial_deepfake/src/Similarity/FaceApp/fake/Emma Stone/Scarlett Johansson.jpg,Emma Stone,Scarlett Johansson,Emma Stone,0.9910504817962646,,,0.6570285,'a close up of Emma Stone' with confidence 93.12%,'a close up of a girl' with confidence 94.51%
/home/sha/project/adversarial_deepfake/src/Similarity/FaceApp/fake/Emma Stone/Emma Watson.jpg,Emma Stone,Emma Watson,Emma Stone,0.9910504817962646,,,0.6986263,'a close up of Emma Stone' with confidence 93.12%,'a close up of a woman' with confidence 96.97%
/home/sha/project/adversarial_deepfake/src/Similarity/FaceApp/fake/Emma Stone/Madhuri Dixit.jpg,Emma Stone,Madhuri Dixit,Emma Stone,0.9910504817962646,,,0.5965667,'a close up of Emma Stone' with confidence 93.12%,'a close up of a woman' with confidence 95.78%
/home/sha/project/adversarial_deepfake/src/Similarity/FaceApp/fake/Emma Stone/Ariana Grande.jpg,Emma Stone,Ariana Grande,Emma Stone,0.9910504817962646,Lauren Jbara,0.827552318572998,0,'a close up of Emma Stone' with confidence 93.12%,'a close up of a boy and a girl posing for a picture' with confidence 70.12%
/home/sha/project/adversarial_deepfake/src/Similarity/FaceApp/fake/Emma Stone/Rihanna.jpg,Emma Stone,Rihanna,Emma Stone,0.9910504817962646,,,0.502311468,'a close up of Emma Stone' with confidence 93.12%,'a close up of a boy and a girl posing for a photo' with confidence 62.31%
/home/sha/project/adversarial_deepfake/src/Similarity/FaceApp/fake/Emma Stone/Angelina Jolie.jpg,Emma Stone,Angelina Jolie,Emma Stone,0.9910504817962646,,,0.643910348,'a close up of Emma Stone' with confidence 93.12%,'a close up of a woman' with confidence 96.82%
/home/sha/project/adversarial_deepfake/src/Similarity/FaceApp/fake/Emma Stone/Tamannaah.jpg,Emma Stone,Tamannaah,Emma Stone,0.9910504817962646,,,0.540616453,'a close up of Emma Stone' with confidence 93.12%,'a close up of a woman' with confidence 96.34%
/home/sha/project/adversarial_deepfake/src/Similarity/FaceApp/fake/Emma Stone/Billie Eilish.jpg,Emma Stone,Billie Eilish,Emma Stone,0.9910504817962646,,,0.6839302,'a close up of Emma Stone' with confidence 93.12%,'a close up of a girl' with confidence 93.94%
/home/sha/project/adversarial_deepfake/src/Similarity/FaceApp/fake/Chris Hemsworth/Aamir Khan.jpg,Chris Hemsworth,Aamir Khan,Chris Hemsworth,0.9976474642753601,,,0.64274615,'Chris Hemsworth looking at the camera' with confidence 80.90%,'a person posing for the camera' with confidence 97.14%
/home/sha/project/adversarial_deepfake/src/Similarity/FaceApp/fake/Chris Hemsworth/Tom Cruise.jpg,Chris Hemsworth,Tom Cruise,Chris Hemsworth,0.9976474642753601,Tom Cruise,0.9943841695785522,0.5759461,'Chris Hemsworth looking at the camera' with confidence 80.90%,'Tom Cruise smiling for the camera' with confidence 95.54%
/home/sha/project/adversarial_deepfake/src/Similarity/FaceApp/fake/Chris Hemsworth/Brad Pitt.jpg,Chris Hemsworth,Brad Pitt,Chris Hemsworth,0.9976474642753601,,,0.670035839,'Chris Hemsworth looking at the camera' with confidence 80.90%,'a man smiling for the camera' with confidence 95.54%
/home/sha/project/adversarial_deepfake/src/Similarity/FaceApp/fake/Chris Hemsworth/Barack Obama.jpg,Chris Hemsworth,Barack Obama,Chris Hemsworth,0.9976474642753601,,,0.519374847,'Chris Hemsworth looking at the camera' with confidence 80.90%,'a man smiling for the camera' with confidence 93.92%
/home/sha/project/adversarial_deepfake/src/Similarity/FaceApp/fake/Chris Hemsworth/Cristiano Ronaldo.jpg,Chris Hemsworth,Cristiano Ronaldo,Chris Hemsworth,0.9976474642753601,,,0.50214833,'Chris Hemsworth looking at the camera' with confidence 80.90%,'a person posing for the camera' with confidence 97.45%
/home/sha/project/adversarial_deepfake/src/Similarity/FaceApp/fake/Chris Hemsworth/Chris Evans.jpg,Chris Hemsworth,Chris Evans,Chris Hemsworth,0.9976474642753601,,,0.6558236,'Chris Hemsworth looking at the camera' with confidence 80.90%,'a person posing for the camera' with confidence 95.76%
/home/sha/project/adversarial_deepfake/src/Similarity/FaceApp/fake/Chris Hemsworth/Donald Trump.jpg,Chris Hemsworth,Donald Trump,Chris Hemsworth,0.9976474642753601,,,0,'Chris Hemsworth looking at the camera' with confidence 80.90%,'a person posing for the camera' with confidence 94.53%
/home/sha/project/adversarial_deepfake/src/Similarity/FaceApp/fake/Chris Hemsworth/Shah Rukh Khan.jpg,Chris Hemsworth,Shah Rukh Khan,Chris Hemsworth,0.9976474642753601,,,0,'Chris Hemsworth looking at the camera' with confidence 80.90%,'a man smiling for the camera' with confidence 93.92%
/home/sha/project/adversarial_deepfake/src/Similarity/FaceApp/fake/Chris Hemsworth/Daniel Radcliffe.jpg,Chris Hemsworth,Daniel Radcliffe,Chris Hemsworth,0.9976474642753601,,,0.5312347,'Chris Hemsworth looking at the camera' with confidence 80.90%,'a person posing for the camera' with confidence 96.75%
/home/sha/project/adversarial_deepfake/src/Similarity/FaceApp/fake/Donald Trump/Aamir Khan.jpg,Donald Trump,Aamir Khan,Donald Trump,0.9999744892120361,,,0,'Donald Trump wearing a suit and tie' with confidence 95.88%,'a man looking at the camera' with confidence 85.48%
/home/sha/project/adversarial_deepfake/src/Similarity/FaceApp/fake/Donald Trump/Tom Cruise.jpg,Donald Trump,Tom Cruise,Donald Trump,0.9999744892120361,,,0,'Donald Trump wearing a suit and tie' with confidence 95.88%,'a person posing for the camera' with confidence 94.43%
/home/sha/project/adversarial_deepfake/src/Similarity/FaceApp/fake/Donald Trump/Brad Pitt.jpg,Donald Trump,Brad Pitt,Donald Trump,0.9999744892120361,,,0,'Donald Trump wearing a suit and tie' with confidence 95.88%,'a person posing for the camera' with confidence 94.34%
/home/sha/project/adversarial_deepfake/src/Similarity/FaceApp/fake/Donald Trump/Barack Obama.jpg,Donald Trump,Barack Obama,Donald Trump,0.9999744892120361,,,0,'Donald Trump wearing a suit and tie' with confidence 95.88%,'a person posing for the camera' with confidence 93.40%
/home/sha/project/adversarial_deepfake/src/Similarity/FaceApp/fake/Donald Trump/Chris Hemsworth.jpg,Donald Trump,Chris Hemsworth,Donald Trump,0.9999744892120361,,,0,'Donald Trump wearing a suit and tie' with confidence 95.88%,'a person posing for the camera' with confidence 93.08%
/home/sha/project/adversarial_deepfake/src/Similarity/FaceApp/fake/Donald Trump/Cristiano Ronaldo.jpg,Donald Trump,Cristiano Ronaldo,Donald Trump,0.9999744892120361,,,0,'Donald Trump wearing a suit and tie' with confidence 95.88%,'a person posing for the camera' with confidence 92.22%
/home/sha/project/adversarial_deepfake/src/Similarity/FaceApp/fake/Donald Trump/Chris Evans.jpg,Donald Trump,Chris Evans,Donald Trump,0.9999744892120361,,,0,'Donald Trump wearing a suit and tie' with confidence 95.88%,'a person posing for the camera' with confidence 90.31%
/home/sha/project/adversarial_deepfake/src/Similarity/FaceApp/fake/Donald Trump/Shah Rukh Khan.jpg,Donald Trump,Shah Rukh Khan,Donald Trump,0.9999744892120361,,,0,'Donald Trump wearing a suit and tie' with confidence 95.88%,'a close up of a man and woman posing for the camera' with confidence 66.32%
/home/sha/project/adversarial_deepfake/src/Similarity/FaceApp/fake/Donald Trump/Daniel Radcliffe.jpg,Donald Trump,Daniel Radcliffe,Donald Trump,0.9999744892120361,,,0.5359201,'Donald Trump wearing a suit and tie' with confidence 95.88%,'a person posing for the camera' with confidence 94.63%
/home/sha/project/adversarial_deepfake/src/Similarity/FaceApp/fake/Rihanna/IU.jpg,Rihanna,IU,Rihanna,0.9765369892120361,,,0,'Rihanna smiling for the camera' with confidence 96.40%,'a close up of a woman' with confidence 96.84%
/home/sha/project/adversarial_deepfake/src/Similarity/FaceApp/fake/Rihanna/Emma Stone.jpg,Rihanna,Emma Stone,Rihanna,0.9765369892120361,Rihanna,0.8531737327575684,0.7134582,'Rihanna smiling for the camera' with confidence 96.40%,'a close up of Rihanna' with confidence 97.03%
/home/sha/project/adversarial_deepfake/src/Similarity/FaceApp/fake/Rihanna/Scarlett Johansson.jpg,Rihanna,Scarlett Johansson,Rihanna,0.9765369892120361,,,0.7925252,'Rihanna smiling for the camera' with confidence 96.40%,'a woman posing for the camera' with confidence 98.78%
/home/sha/project/adversarial_deepfake/src/Similarity/FaceApp/fake/Rihanna/Emma Watson.jpg,Rihanna,Emma Watson,Rihanna,0.9765369892120361,,,0.6527331,'Rihanna smiling for the camera' with confidence 96.40%,'a woman posing for the camera' with confidence 98.35%
/home/sha/project/adversarial_deepfake/src/Similarity/FaceApp/fake/Rihanna/Madhuri Dixit.jpg,Rihanna,Madhuri Dixit,Rihanna,0.9765369892120361,,,0.5975636,'Rihanna smiling for the camera' with confidence 96.40%,'a woman posing for the camera' with confidence 97.01%
/home/sha/project/adversarial_deepfake/src/Similarity/FaceApp/fake/Rihanna/Ariana Grande.jpg,Rihanna,Ariana Grande,Rihanna,0.9765369892120361,,,0.602935,'Rihanna smiling for the camera' with confidence 96.40%,'a close up of a woman' with confidence 97.65%
/home/sha/project/adversarial_deepfake/src/Similarity/FaceApp/fake/Rihanna/Angelina Jolie.jpg,Rihanna,Angelina Jolie,Rihanna,0.9765369892120361,,,0.6655981,'Rihanna smiling for the camera' with confidence 96.40%,'a close up of a woman' with confidence 97.72%
/home/sha/project/adversarial_deepfake/src/Similarity/FaceApp/fake/Rihanna/Tamannaah.jpg,Rihanna,Tamannaah,Rihanna,0.9765369892120361,,,0.659442544,'Rihanna smiling for the camera' with confidence 96.40%,'a close up of a woman' with confidence 97.91%
/home/sha/project/adversarial_deepfake/src/Similarity/FaceApp/fake/Rihanna/Billie Eilish.jpg,Rihanna,Billie Eilish,Rihanna,0.9765369892120361,,,0.7849759,'Rihanna smiling for the camera' with confidence 96.40%,'a close up of Rihanna' with confidence 97.74%
/home/sha/project/adversarial_deepfake/src/Similarity/FaceApp/fake/Brad Pitt/Aamir Khan.jpg,Brad Pitt,Aamir Khan,Brad Pitt,0.9342749118804932,,,0.531663358,'Brad Pitt wearing a suit and tie smiling at the camera' with confidence 97.35%,'a man wearing a suit and tie smiling and looking at the camera' with confidence 97.22%
/home/sha/project/adversarial_deepfake/src/Similarity/FaceApp/fake/Brad Pitt/Tom Cruise.jpg,Brad Pitt,Tom Cruise,Brad Pitt,0.9342749118804932,,,0.635365844,'Brad Pitt wearing a suit and tie smiling at the camera' with confidence 97.35%,'a man wearing a suit and tie smiling and looking at the camera' with confidence 98.19%
/home/sha/project/adversarial_deepfake/src/Similarity/FaceApp/fake/Brad Pitt/Barack Obama.jpg,Brad Pitt,Barack Obama,Brad Pitt,0.9342749118804932,,,0.6885746,'Brad Pitt wearing a suit and tie smiling at the camera' with confidence 97.35%,'a man wearing a suit and tie smiling and looking at the camera' with confidence 97.50%
/home/sha/project/adversarial_deepfake/src/Similarity/FaceApp/fake/Brad Pitt/Chris Hemsworth.jpg,Brad Pitt,Chris Hemsworth,Brad Pitt,0.9342749118804932,,,0.6551496,'Brad Pitt wearing a suit and tie smiling at the camera' with confidence 97.35%,'a man wearing a suit and tie smiling at the camera' with confidence 98.04%
/home/sha/project/adversarial_deepfake/src/Similarity/FaceApp/fake/Brad Pitt/Cristiano Ronaldo.jpg,Brad Pitt,Cristiano Ronaldo,Brad Pitt,0.9342749118804932,,,0.5547659,'Brad Pitt wearing a suit and tie smiling at the camera' with confidence 97.35%,'a man wearing a suit and tie smiling and looking at the camera' with confidence 96.62%
/home/sha/project/adversarial_deepfake/src/Similarity/FaceApp/fake/Brad Pitt/Chris Evans.jpg,Brad Pitt,Chris Evans,Brad Pitt,0.9342749118804932,,,0,'Brad Pitt wearing a suit and tie smiling at the camera' with confidence 97.35%,'a man wearing a suit and tie smiling and looking at the camera' with confidence 95.81%
/home/sha/project/adversarial_deepfake/src/Similarity/FaceApp/fake/Brad Pitt/Donald Trump.jpg,Brad Pitt,Donald Trump,Brad Pitt,0.9342749118804932,,,0,'Brad Pitt wearing a suit and tie smiling at the camera' with confidence 97.35%,'a man wearing a suit and tie smiling at the camera' with confidence 96.04%
/home/sha/project/adversarial_deepfake/src/Similarity/FaceApp/fake/Brad Pitt/Shah Rukh Khan.jpg,Brad Pitt,Shah Rukh Khan,Brad Pitt,0.9342749118804932,,,0.532882154,'Brad Pitt wearing a suit and tie smiling at the camera' with confidence 97.35%,'a close up of a man smiling for the camera' with confidence 95.53%
/home/sha/project/adversarial_deepfake/src/Similarity/FaceApp/fake/Brad Pitt/Daniel Radcliffe.jpg,Brad Pitt,Daniel Radcliffe,Brad Pitt,0.9342749118804932,,,0,'Brad Pitt wearing a suit and tie smiling at the camera' with confidence 97.35%,'a man wearing a suit and tie smiling at the camera' with confidence 97.83%
/home/sha/project/adversarial_deepfake/src/Similarity/FaceApp/fake/IU/Emma Stone.jpg,IU,Emma Stone,,,,,0.6614343,'a person sitting in a chair' with confidence 25.33%,'a person with pink hair looking at the camera' with confidence 84.17%
/home/sha/project/adversarial_deepfake/src/Similarity/FaceApp/fake/IU/Scarlett Johansson.jpg,IU,Scarlett Johansson,,,,,0,'a person sitting in a chair' with confidence 25.33%,'a person posing for the camera' with confidence 96.22%
/home/sha/project/adversarial_deepfake/src/Similarity/FaceApp/fake/IU/Emma Watson.jpg,IU,Emma Watson,,,,,0,'a person sitting in a chair' with confidence 25.33%,'a person with pink hair looking at the camera' with confidence 84.90%
/home/sha/project/adversarial_deepfake/src/Similarity/FaceApp/fake/IU/Madhuri Dixit.jpg,IU,Madhuri Dixit,,,,,0,'a person sitting in a chair' with confidence 25.33%,'a woman with pink hair taking a selfie' with confidence 82.65%
/home/sha/project/adversarial_deepfake/src/Similarity/FaceApp/fake/IU/Ariana Grande.jpg,IU,Ariana Grande,,,,,0,'a person sitting in a chair' with confidence 25.33%,'a close up of a woman' with confidence 95.80%
/home/sha/project/adversarial_deepfake/src/Similarity/FaceApp/fake/IU/Rihanna.jpg,IU,Rihanna,,,,,0,'a person sitting in a chair' with confidence 25.33%,'a close up of a woman' with confidence 96.22%
/home/sha/project/adversarial_deepfake/src/Similarity/FaceApp/fake/IU/Angelina Jolie.jpg,IU,Angelina Jolie,,,,,0,'a person sitting in a chair' with confidence 25.33%,'a close up of a woman' with confidence 94.94%
/home/sha/project/adversarial_deepfake/src/Similarity/FaceApp/fake/IU/Tamannaah.jpg,IU,Tamannaah,,,,,0,'a person sitting in a chair' with confidence 25.33%,'a close up of a woman with purple hair' with confidence 89.73%
/home/sha/project/adversarial_deepfake/src/Similarity/FaceApp/fake/IU/Billie Eilish.jpg,IU,Billie Eilish,,,,,0.507353544,'a person sitting in a chair' with confidence 25.33%,'a close up of a person with pink hair looking at the camera' with confidence 84.23%
/home/sha/project/adversarial_deepfake/src/Similarity/FaceApp/fake/Tom Cruise/Aamir Khan.jpg,Tom Cruise,Aamir Khan,Tom Cruise,0.9999961853027344,Tom Cruise,0.9232833385467529,0.64521414,'Tom Cruise smiling for the camera' with confidence 95.90%,'Tom Cruise smiling for the camera' with confidence 98.21%
/home/sha/project/adversarial_deepfake/src/Similarity/FaceApp/fake/Tom Cruise/Brad Pitt.jpg,Tom Cruise,Brad Pitt,Tom Cruise,0.9999961853027344,Tom Cruise,0.763142466545105,0.6099584,'Tom Cruise smiling for the camera' with confidence 95.90%,'Tom Cruise smiling for the camera' with confidence 98.64%
/home/sha/project/adversarial_deepfake/src/Similarity/FaceApp/fake/Tom Cruise/Barack Obama.jpg,Tom Cruise,Barack Obama,Tom Cruise,0.9999961853027344,,,0.5194595,'Tom Cruise smiling for the camera' with confidence 95.90%,'a man smiling for the camera' with confidence 98.81%
/home/sha/project/adversarial_deepfake/src/Similarity/FaceApp/fake/Tom Cruise/Chris Hemsworth.jpg,Tom Cruise,Chris Hemsworth,Tom Cruise,0.9999961853027344,Tom Cruise,0.7556939125061035,0.572536051,'Tom Cruise smiling for the camera' with confidence 95.90%,'a man smiling for the camera' with confidence 98.07%
/home/sha/project/adversarial_deepfake/src/Similarity/FaceApp/fake/Tom Cruise/Cristiano Ronaldo.jpg,Tom Cruise,Cristiano Ronaldo,Tom Cruise,0.9999961853027344,,,0.577370346,'Tom Cruise smiling for the camera' with confidence 95.90%,'a man smiling for the camera' with confidence 98.52%
/home/sha/project/adversarial_deepfake/src/Similarity/FaceApp/fake/Tom Cruise/Chris Evans.jpg,Tom Cruise,Chris Evans,Tom Cruise,0.9999961853027344,,,0.6115657,'Tom Cruise smiling for the camera' with confidence 95.90%,'a man smiling for the camera' with confidence 98.03%
/home/sha/project/adversarial_deepfake/src/Similarity/FaceApp/fake/Tom Cruise/Donald Trump.jpg,Tom Cruise,Donald Trump,Tom Cruise,0.9999961853027344,,,0.6046885,'Tom Cruise smiling for the camera' with confidence 95.90%,'a person smiling for the camera' with confidence 96.00%
/home/sha/project/adversarial_deepfake/src/Similarity/FaceApp/fake/Tom Cruise/Shah Rukh Khan.jpg,Tom Cruise,Shah Rukh Khan,Tom Cruise,0.9999961853027344,,,0,'Tom Cruise smiling for the camera' with confidence 95.90%,'a man smiling for the camera' with confidence 98.20%
/home/sha/project/adversarial_deepfake/src/Similarity/FaceApp/fake/Tom Cruise/Daniel Radcliffe.jpg,Tom Cruise,Daniel Radcliffe,Tom Cruise,0.9999961853027344,,,0.509923756,'Tom Cruise smiling for the camera' with confidence 95.90%,'a person smiling for the camera' with confidence 97.81%
/home/sha/project/adversarial_deepfake/src/Similarity/FaceApp/fake/Cristiano Ronaldo/Aamir Khan.jpg,Cristiano Ronaldo,Aamir Khan,Cristiano Ronaldo,0.9999991655349731,Cristiano Ronaldo,0.9096605181694031,0.7202701,'Cristiano Ronaldo looking at the camera' with confidence 86.91%,'Cristiano Ronaldo looking at the camera' with confidence 95.05%
/home/sha/project/adversarial_deepfake/src/Similarity/FaceApp/fake/Cristiano Ronaldo/Tom Cruise.jpg,Cristiano Ronaldo,Tom Cruise,Cristiano Ronaldo,0.9999991655349731,Cristiano Ronaldo,0.9921785593032837,0.6299813,'Cristiano Ronaldo looking at the camera' with confidence 86.91%,'Cristiano Ronaldo looking at the camera' with confidence 95.23%
/home/sha/project/adversarial_deepfake/src/Similarity/FaceApp/fake/Cristiano Ronaldo/Brad Pitt.jpg,Cristiano Ronaldo,Brad Pitt,Cristiano Ronaldo,0.9999991655349731,Cristiano Ronaldo,0.8650562763214111,0.5841164,'Cristiano Ronaldo looking at the camera' with confidence 86.91%,'Cristiano Ronaldo looking at the camera' with confidence 94.99%
/home/sha/project/adversarial_deepfake/src/Similarity/FaceApp/fake/Cristiano Ronaldo/Barack Obama.jpg,Cristiano Ronaldo,Barack Obama,Cristiano Ronaldo,0.9999991655349731,,,0.624142468,'Cristiano Ronaldo looking at the camera' with confidence 86.91%,'a man looking at the camera' with confidence 94.67%
/home/sha/project/adversarial_deepfake/src/Similarity/FaceApp/fake/Cristiano Ronaldo/Chris Hemsworth.jpg,Cristiano Ronaldo,Chris Hemsworth,Cristiano Ronaldo,0.9999991655349731,,,0,'Cristiano Ronaldo looking at the camera' with confidence 86.91%,'a man looking at the camera' with confidence 94.52%
/home/sha/project/adversarial_deepfake/src/Similarity/FaceApp/fake/Cristiano Ronaldo/Donald Trump.jpg,Cristiano Ronaldo,Donald Trump,Cristiano Ronaldo,0.9999991655349731,,,0,'Cristiano Ronaldo looking at the camera' with confidence 86.91%,'a person posing for the camera' with confidence 94.68%
/home/sha/project/adversarial_deepfake/src/Similarity/FaceApp/fake/Cristiano Ronaldo/Shah Rukh Khan.jpg,Cristiano Ronaldo,Shah Rukh Khan,Cristiano Ronaldo,0.9999991655349731,Cristiano Ronaldo,0.9989535808563232,0.650733948,'Cristiano Ronaldo looking at the camera' with confidence 86.91%,'Cristiano Ronaldo posing for the camera' with confidence 97.24%
/home/sha/project/adversarial_deepfake/src/Similarity/FaceApp/fake/Cristiano Ronaldo/Daniel Radcliffe.jpg,Cristiano Ronaldo,Daniel Radcliffe,Cristiano Ronaldo,0.9999991655349731,Tyler Bozak,0.9349974393844604,0.521262944,'Cristiano Ronaldo looking at the camera' with confidence 86.91%,'Tyler Bozak posing for the camera' with confidence 97.22%
/home/sha/project/adversarial_deepfake/src/Similarity/FaceApp/fake/Tamannaah/IU.jpg,Tamannaah,IU,,,,,0.5473267,'Tamannaah Bhatia in a green shirt' with confidence 72.65%,'a little girl posing for a picture' with confidence 72.52%
/home/sha/project/adversarial_deepfake/src/Similarity/FaceApp/fake/Tamannaah/Emma Stone.jpg,Tamannaah,Emma Stone,,,,,0.540265858,'Tamannaah Bhatia in a green shirt' with confidence 72.65%,'a close up of a person' with confidence 94.72%
/home/sha/project/adversarial_deepfake/src/Similarity/FaceApp/fake/Tamannaah/Scarlett Johansson.jpg,Tamannaah,Scarlett Johansson,,,,,0.6058822,'Tamannaah Bhatia in a green shirt' with confidence 72.65%,'a person posing for the camera' with confidence 96.20%
/home/sha/project/adversarial_deepfake/src/Similarity/FaceApp/fake/Tamannaah/Emma Watson.jpg,Tamannaah,Emma Watson,,,,,0.5403161,'Tamannaah Bhatia in a green shirt' with confidence 72.65%,'a group of people posing for the camera' with confidence 91.04%
/home/sha/project/adversarial_deepfake/src/Similarity/FaceApp/fake/Tamannaah/Madhuri Dixit.jpg,Tamannaah,Madhuri Dixit,,,,,0.682752967,'Tamannaah Bhatia in a green shirt' with confidence 72.65%,'a woman posing for the camera' with confidence 93.67%
/home/sha/project/adversarial_deepfake/src/Similarity/FaceApp/fake/Tamannaah/Ariana Grande.jpg,Tamannaah,Ariana Grande,,,Jiah Khan,0.8189536929130554,0.6919379,'Tamannaah Bhatia in a green shirt' with confidence 72.65%,'a close up of a boy and a girl posing for a picture' with confidence 53.27%
/home/sha/project/adversarial_deepfake/src/Similarity/FaceApp/fake/Tamannaah/Rihanna.jpg,Tamannaah,Rihanna,,,,,0.600565553,'Tamannaah Bhatia in a green shirt' with confidence 72.65%,'a close up of a boy and a girl posing for a picture' with confidence 58.80%
/home/sha/project/adversarial_deepfake/src/Similarity/FaceApp/fake/Tamannaah/Angelina Jolie.jpg,Tamannaah,Angelina Jolie,,,,,0.612656951,'Tamannaah Bhatia in a green shirt' with confidence 72.65%,'a group of people posing for the camera' with confidence 88.28%
/home/sha/project/adversarial_deepfake/src/Similarity/FaceApp/fake/Tamannaah/Billie Eilish.jpg,Tamannaah,Billie Eilish,,,,,0.6446611,'Tamannaah Bhatia in a green shirt' with confidence 72.65%,'a close up of a woman' with confidence 93.79%
/home/sha/project/adversarial_deepfake/src/Similarity/FaceApp/fake/Shah Rukh Khan/Aamir Khan.jpg,Shah Rukh Khan,Aamir Khan,Shah Rukh Khan,0.9994970560073853,Shah Rukh Khan,0.9919701218605042,0.7677636,'Shah Rukh Khan posing for the camera' with confidence 96.08%,'Shah Rukh Khan et al. looking at the camera' with confidence 79.37%
/home/sha/project/adversarial_deepfake/src/Similarity/FaceApp/fake/Shah Rukh Khan/Tom Cruise.jpg,Shah Rukh Khan,Tom Cruise,Shah Rukh Khan,0.9994970560073853,Shah Rukh Khan,0.9981364011764526,0.787772,'Shah Rukh Khan posing for the camera' with confidence 96.08%,'Shah Rukh Khan et al. looking at the camera' with confidence 76.99%
/home/sha/project/adversarial_deepfake/src/Similarity/FaceApp/fake/Shah Rukh Khan/Brad Pitt.jpg,Shah Rukh Khan,Brad Pitt,Shah Rukh Khan,0.9994970560073853,Shah Rukh Khan,0.998201847076416,0.782748044,'Shah Rukh Khan posing for the camera' with confidence 96.08%,'Shah Rukh Khan smiling for the camera' with confidence 93.06%
/home/sha/project/adversarial_deepfake/src/Similarity/FaceApp/fake/Shah Rukh Khan/Barack Obama.jpg,Shah Rukh Khan,Barack Obama,Shah Rukh Khan,0.9994970560073853,Shah Rukh Khan,0.9634812474250793,0.738977432,'Shah Rukh Khan posing for the camera' with confidence 96.08%,'Shah Rukh Khan smiling for the camera' with confidence 93.04%
/home/sha/project/adversarial_deepfake/src/Similarity/FaceApp/fake/Shah Rukh Khan/Chris Hemsworth.jpg,Shah Rukh Khan,Chris Hemsworth,Shah Rukh Khan,0.9994970560073853,Shah Rukh Khan,0.9931795597076416,0.7678691,'Shah Rukh Khan posing for the camera' with confidence 96.08%,'Shah Rukh Khan et al. looking at the camera' with confidence 82.43%
/home/sha/project/adversarial_deepfake/src/Similarity/FaceApp/fake/Shah Rukh Khan/Cristiano Ronaldo.jpg,Shah Rukh Khan,Cristiano Ronaldo,Shah Rukh Khan,0.9994970560073853,Shah Rukh Khan,0.9882121682167053,0.7704381,'Shah Rukh Khan posing for the camera' with confidence 96.08%,'Shah Rukh Khan et al. posing for the camera' with confidence 94.07%
/home/sha/project/adversarial_deepfake/src/Similarity/FaceApp/fake/Shah Rukh Khan/Chris Evans.jpg,Shah Rukh Khan,Chris Evans,Shah Rukh Khan,0.9994970560073853,Shah Rukh Khan,0.9968553781509399,0.796438754,'Shah Rukh Khan posing for the camera' with confidence 96.08%,'Shah Rukh Khan et al. looking at the camera' with confidence 70.96%
/home/sha/project/adversarial_deepfake/src/Similarity/FaceApp/fake/Shah Rukh Khan/Donald Trump.jpg,Shah Rukh Khan,Donald Trump,Shah Rukh Khan,0.9994970560073853,Shah Rukh Khan,0.8610855937004089,0.7031591,'Shah Rukh Khan posing for the camera' with confidence 96.08%,'Shah Rukh Khan wearing a suit and tie' with confidence 92.97%
/home/sha/project/adversarial_deepfake/src/Similarity/FaceApp/fake/Shah Rukh Khan/Daniel Radcliffe.jpg,Shah Rukh Khan,Daniel Radcliffe,Shah Rukh Khan,0.9994970560073853,Shah Rukh Khan,0.9660668969154358,0.7872143,'Shah Rukh Khan posing for the camera' with confidence 96.08%,'Shah Rukh Khan et al. looking at the camera' with confidence 74.56%
/home/sha/project/adversarial_deepfake/src/Similarity/FaceApp/fake/Ariana Grande/IU.jpg,Ariana Grande,IU,Ariana Grande,0.9986743927001953,,,0.503362238,'Ariana Grande with collar shirt' with confidence 88.21%,'a close up of a person' with confidence 93.61%
/home/sha/project/adversarial_deepfake/src/Similarity/FaceApp/fake/Ariana Grande/Emma Stone.jpg,Ariana Grande,Emma Stone,Ariana Grande,0.9986743927001953,,,0,'Ariana Grande with collar shirt' with confidence 88.21%,'a close up of a boy and a girl looking at the camera' with confidence 53.18%
/home/sha/project/adversarial_deepfake/src/Similarity/FaceApp/fake/Ariana Grande/Scarlett Johansson.jpg,Ariana Grande,Scarlett Johansson,Ariana Grande,0.9986743927001953,,,0,'Ariana Grande with collar shirt' with confidence 88.21%,'a close up of a boy and girl posing for the camera' with confidence 74.40%
/home/sha/project/adversarial_deepfake/src/Similarity/FaceApp/fake/Ariana Grande/Emma Watson.jpg,Ariana Grande,Emma Watson,Ariana Grande,0.9986743927001953,,,0.5864158,'Ariana Grande with collar shirt' with confidence 88.21%,'a person posing for the camera' with confidence 96.17%
/home/sha/project/adversarial_deepfake/src/Similarity/FaceApp/fake/Ariana Grande/Madhuri Dixit.jpg,Ariana Grande,Madhuri Dixit,Ariana Grande,0.9986743927001953,Ariana Grande,0.9885539412498474,0.7715079,'Ariana Grande with collar shirt' with confidence 88.21%,'Ariana Grande posing for the camera' with confidence 94.96%
/home/sha/project/adversarial_deepfake/src/Similarity/FaceApp/fake/Ariana Grande/Rihanna.jpg,Ariana Grande,Rihanna,Ariana Grande,0.9986743927001953,,,0.6939859,'Ariana Grande with collar shirt' with confidence 88.21%,'a person posing for the camera' with confidence 95.53%
/home/sha/project/adversarial_deepfake/src/Similarity/FaceApp/fake/Ariana Grande/Angelina Jolie.jpg,Ariana Grande,Angelina Jolie,Ariana Grande,0.9986743927001953,,,0.530753851,'Ariana Grande with collar shirt' with confidence 88.21%,'a group of people posing for the camera' with confidence 94.12%
/home/sha/project/adversarial_deepfake/src/Similarity/FaceApp/fake/Ariana Grande/Tamannaah.jpg,Ariana Grande,Tamannaah,Ariana Grande,0.9986743927001953,Ariana Grande,0.9861504435539246,0.744570136,'Ariana Grande with collar shirt' with confidence 88.21%,'Ariana Grande posing for the camera' with confidence 96.04%
/home/sha/project/adversarial_deepfake/src/Similarity/FaceApp/fake/Ariana Grande/Billie Eilish.jpg,Ariana Grande,Billie Eilish,Ariana Grande,0.9986743927001953,,,0.535098135,'Ariana Grande with collar shirt' with confidence 88.21%,'a person posing for the camera' with confidence 94.55%
/home/sha/project/adversarial_deepfake/src/Similarity/FaceApp/fake/Daniel Radcliffe/Aamir Khan.jpg,Daniel Radcliffe,Aamir Khan,,,,,0.716810167,'a person wearing glasses' with confidence 82.21%,'a man wearing glasses and looking at the camera' with confidence 94.84%
/home/sha/project/adversarial_deepfake/src/Similarity/FaceApp/fake/Daniel Radcliffe/Tom Cruise.jpg,Daniel Radcliffe,Tom Cruise,,,,,0.53550446,'a person wearing glasses' with confidence 82.21%,'a man wearing glasses posing for the camera' with confidence 94.63%
/home/sha/project/adversarial_deepfake/src/Similarity/FaceApp/fake/Daniel Radcliffe/Brad Pitt.jpg,Daniel Radcliffe,Brad Pitt,,,,,0.5932708,'a person wearing glasses' with confidence 82.21%,'a man wearing glasses and looking at the camera' with confidence 94.61%
/home/sha/project/adversarial_deepfake/src/Similarity/FaceApp/fake/Daniel Radcliffe/Barack Obama.jpg,Daniel Radcliffe,Barack Obama,,,,,0.6493297,'a person wearing glasses' with confidence 82.21%,'a man wearing glasses and smiling at the camera' with confidence 94.39%
/home/sha/project/adversarial_deepfake/src/Similarity/FaceApp/fake/Daniel Radcliffe/Chris Hemsworth.jpg,Daniel Radcliffe,Chris Hemsworth,,,,,0.6278293,'a person wearing glasses' with confidence 82.21%,'a man wearing glasses posing for the camera' with confidence 93.31%
/home/sha/project/adversarial_deepfake/src/Similarity/FaceApp/fake/Daniel Radcliffe/Cristiano Ronaldo.jpg,Daniel Radcliffe,Cristiano Ronaldo,,,,,0.608537734,'a person wearing glasses' with confidence 82.21%,'Sergey Lazarev wearing glasses posing for the camera' with confidence 94.52%
/home/sha/project/adversarial_deepfake/src/Similarity/FaceApp/fake/Daniel Radcliffe/Chris Evans.jpg,Daniel Radcliffe,Chris Evans,,,,,0.651835263,'a person wearing glasses' with confidence 82.21%,'a man wearing glasses and looking at the camera' with confidence 93.57%
/home/sha/project/adversarial_deepfake/src/Similarity/FaceApp/fake/Daniel Radcliffe/Donald Trump.jpg,Daniel Radcliffe,Donald Trump,,,,,0.568824351,'a person wearing glasses' with confidence 82.21%,'a man wearing glasses and smiling at the camera' with confidence 83.49%
/home/sha/project/adversarial_deepfake/src/Similarity/FaceApp/fake/Daniel Radcliffe/Shah Rukh Khan.jpg,Daniel Radcliffe,Shah Rukh Khan,,,,,0,'a person wearing glasses' with confidence 82.21%,'a man wearing glasses and looking at the camera' with confidence 91.17%
/home/sha/project/adversarial_deepfake/src/Similarity/FaceApp/fake/Madhuri Dixit/IU.jpg,Madhuri Dixit,IU,,,,,0.657787,'a close up of a person' with confidence 91.35%,'a close up of a woman' with confidence 92.91%
/home/sha/project/adversarial_deepfake/src/Similarity/FaceApp/fake/Madhuri Dixit/Emma Stone.jpg,Madhuri Dixit,Emma Stone,,,,,0.590907037,'a close up of a person' with confidence 91.35%,'a close up of a woman' with confidence 93.05%
/home/sha/project/adversarial_deepfake/src/Similarity/FaceApp/fake/Madhuri Dixit/Scarlett Johansson.jpg,Madhuri Dixit,Scarlett Johansson,,,,,0.5831711,'a close up of a person' with confidence 91.35%,'a little girl posing for a picture' with confidence 87.93%
/home/sha/project/adversarial_deepfake/src/Similarity/FaceApp/fake/Madhuri Dixit/Emma Watson.jpg,Madhuri Dixit,Emma Watson,,,,,0.5586584,'a close up of a person' with confidence 91.35%,'a little girl posing for a picture' with confidence 81.98%
/home/sha/project/adversarial_deepfake/src/Similarity/FaceApp/fake/Madhuri Dixit/Ariana Grande.jpg,Madhuri Dixit,Ariana Grande,,,,,0.629655659,'a close up of a person' with confidence 91.35%,'a close up of a girl' with confidence 89.62%
/home/sha/project/adversarial_deepfake/src/Similarity/FaceApp/fake/Madhuri Dixit/Rihanna.jpg,Madhuri Dixit,Rihanna,,,,,0,'a close up of a person' with confidence 91.35%,'a close up of a girl' with confidence 90.46%
/home/sha/project/adversarial_deepfake/src/Similarity/FaceApp/fake/Madhuri Dixit/Angelina Jolie.jpg,Madhuri Dixit,Angelina Jolie,,,,,0.5407256,'a close up of a person' with confidence 91.35%,'a close up of a woman with pink hair taking a selfie' with confidence 79.34%
/home/sha/project/adversarial_deepfake/src/Similarity/FaceApp/fake/Madhuri Dixit/Tamannaah.jpg,Madhuri Dixit,Tamannaah,,,,,0.640385449,'a close up of a person' with confidence 91.35%,'a close up of a woman' with confidence 95.30%
/home/sha/project/adversarial_deepfake/src/Similarity/FaceApp/fake/Madhuri Dixit/Billie Eilish.jpg,Madhuri Dixit,Billie Eilish,,,,,0.5772832,'a close up of a person' with confidence 91.35%,'a close up of a woman' with confidence 95.22%
/home/sha/project/adversarial_deepfake/src/Similarity/FaceApp/fake/Barack Obama/Aamir Khan.jpg,Barack Obama,Aamir Khan,Barack Obama,0.9999942779541016,Barack Obama,0.9975258708000183,0.732646048,'Barack Obama wearing a suit and tie smiling at the camera' with confidence 98.90%,'Barack Obama wearing a suit and tie smiling at the camera' with confidence 97.51%
/home/sha/project/adversarial_deepfake/src/Similarity/FaceApp/fake/Barack Obama/Tom Cruise.jpg,Barack Obama,Tom Cruise,Barack Obama,0.9999942779541016,Barack Obama,0.9999455213546753,0.7758659,'Barack Obama wearing a suit and tie smiling at the camera' with confidence 98.90%,'Barack Obama wearing a suit and tie smiling at the camera' with confidence 97.83%
/home/sha/project/adversarial_deepfake/src/Similarity/FaceApp/fake/Barack Obama/Brad Pitt.jpg,Barack Obama,Brad Pitt,Barack Obama,0.9999942779541016,Barack Obama,0.9997983574867249,0.7811263,'Barack Obama wearing a suit and tie smiling at the camera' with confidence 98.90%,'Barack Obama wearing a suit and tie smiling and looking at the camera' with confidence 96.51%
/home/sha/project/adversarial_deepfake/src/Similarity/FaceApp/fake/Barack Obama/Chris Hemsworth.jpg,Barack Obama,Chris Hemsworth,Barack Obama,0.9999942779541016,Barack Obama,0.9977717995643616,0.7179293,'Barack Obama wearing a suit and tie smiling at the camera' with confidence 98.90%,'Barack Obama wearing a suit and tie smiling at the camera' with confidence 97.41%
/home/sha/project/adversarial_deepfake/src/Similarity/FaceApp/fake/Barack Obama/Cristiano Ronaldo.jpg,Barack Obama,Cristiano Ronaldo,Barack Obama,0.9999942779541016,Barack Obama,0.9867501854896545,0.691489,'Barack Obama wearing a suit and tie smiling at the camera' with confidence 98.90%,'Barack Obama et al. posing for the camera' with confidence 95.60%
/home/sha/project/adversarial_deepfake/src/Similarity/FaceApp/fake/Barack Obama/Chris Evans.jpg,Barack Obama,Chris Evans,Barack Obama,0.9999942779541016,Barack Obama,0.9949291944503784,0.70756036,'Barack Obama wearing a suit and tie smiling at the camera' with confidence 98.90%,'Barack Obama posing for the camera' with confidence 97.47%
/home/sha/project/adversarial_deepfake/src/Similarity/FaceApp/fake/Barack Obama/Donald Trump.jpg,Barack Obama,Donald Trump,Barack Obama,0.9999942779541016,Barack Obama,0.991020143032074,0.7037373,'Barack Obama wearing a suit and tie smiling at the camera' with confidence 98.90%,'Barack Obama wearing a suit and tie smiling at the camera' with confidence 95.99%
/home/sha/project/adversarial_deepfake/src/Similarity/FaceApp/fake/Barack Obama/Shah Rukh Khan.jpg,Barack Obama,Shah Rukh Khan,Barack Obama,0.9999942779541016,Barack Obama,0.9003797173500061,0.696972251,'Barack Obama wearing a suit and tie smiling at the camera' with confidence 98.90%,'Barack Obama smiling for the camera' with confidence 97.49%
/home/sha/project/adversarial_deepfake/src/Similarity/FaceApp/fake/Barack Obama/Daniel Radcliffe.jpg,Barack Obama,Daniel Radcliffe,Barack Obama,0.9999942779541016,Barack Obama,0.9963542222976685,0.778456569,'Barack Obama wearing a suit and tie smiling at the camera' with confidence 98.90%,'a young man wearing a suit and tie smiling at the camera' with confidence 97.26%
/home/sha/project/adversarial_deepfake/src/Similarity/FaceApp/fake/Billie Eilish/IU.jpg,Billie Eilish,IU,,,,,0,'a woman looking at the camera' with confidence 91.72%,'a close up of a woman' with confidence 94.47%
/home/sha/project/adversarial_deepfake/src/Similarity/FaceApp/fake/Billie Eilish/Emma Stone.jpg,Billie Eilish,Emma Stone,,,,,0.67652446,'a woman looking at the camera' with confidence 91.72%,'a woman posing for the camera' with confidence 96.38%
/home/sha/project/adversarial_deepfake/src/Similarity/FaceApp/fake/Billie Eilish/Scarlett Johansson.jpg,Billie Eilish,Scarlett Johansson,,,,,0.7266593,'a woman looking at the camera' with confidence 91.72%,'a woman posing for the camera' with confidence 97.69%
/home/sha/project/adversarial_deepfake/src/Similarity/FaceApp/fake/Billie Eilish/Emma Watson.jpg,Billie Eilish,Emma Watson,,,,,0.6666076,'a woman looking at the camera' with confidence 91.72%,'a woman posing for the camera' with confidence 96.57%
/home/sha/project/adversarial_deepfake/src/Similarity/FaceApp/fake/Billie Eilish/Madhuri Dixit.jpg,Billie Eilish,Madhuri Dixit,,,,,0,'a woman looking at the camera' with confidence 91.72%,'a close up of a woman with dark hair' with confidence 90.99%
/home/sha/project/adversarial_deepfake/src/Similarity/FaceApp/fake/Billie Eilish/Ariana Grande.jpg,Billie Eilish,Ariana Grande,,,,,0,'a woman looking at the camera' with confidence 91.72%,'a close up of a woman and a child posing for the camera' with confidence 77.06%
/home/sha/project/adversarial_deepfake/src/Similarity/FaceApp/fake/Billie Eilish/Rihanna.jpg,Billie Eilish,Rihanna,,,,,0.5217725,'a woman looking at the camera' with confidence 91.72%,'a close up of a woman with dark hair' with confidence 92.30%
/home/sha/project/adversarial_deepfake/src/Similarity/FaceApp/fake/Billie Eilish/Angelina Jolie.jpg,Billie Eilish,Angelina Jolie,,,,,0.5596752,'a woman looking at the camera' with confidence 91.72%,'a woman posing for the camera' with confidence 97.33%
/home/sha/project/adversarial_deepfake/src/Similarity/FaceApp/fake/Billie Eilish/Tamannaah.jpg,Billie Eilish,Tamannaah,,,,,0,'a woman looking at the camera' with confidence 91.72%,'a close up of a woman looking at the camera' with confidence 93.96%
/home/sha/project/adversarial_deepfake/src/Similarity/FaceApp/fake/Chris Evans/Aamir Khan.jpg,Chris Evans,Aamir Khan,Chris Evans,0.998842179775238,,,0,'a close up of Chris Evans' with confidence 83.52%,'a man looking at the camera' with confidence 86.41%
/home/sha/project/adversarial_deepfake/src/Similarity/FaceApp/fake/Chris Evans/Tom Cruise.jpg,Chris Evans,Tom Cruise,Chris Evans,0.998842179775238,Tom Cruise,0.9421156644821167,0.5764606,'a close up of Chris Evans' with confidence 83.52%,'Tom Cruise posing for the camera' with confidence 94.86%
/home/sha/project/adversarial_deepfake/src/Similarity/FaceApp/fake/Chris Evans/Brad Pitt.jpg,Chris Evans,Brad Pitt,Chris Evans,0.998842179775238,,,0.5651219,'a close up of Chris Evans' with confidence 83.52%,'a man looking at the camera' with confidence 86.05%
/home/sha/project/adversarial_deepfake/src/Similarity/FaceApp/fake/Chris Evans/Barack Obama.jpg,Chris Evans,Barack Obama,Chris Evans,0.998842179775238,,,0,'a close up of Chris Evans' with confidence 83.52%,'a man smiling for the camera' with confidence 93.42%
/home/sha/project/adversarial_deepfake/src/Similarity/FaceApp/fake/Chris Evans/Chris Hemsworth.jpg,Chris Evans,Chris Hemsworth,Chris Evans,0.998842179775238,,,0.5974451,'a close up of Chris Evans' with confidence 83.52%,'a person posing for the camera' with confidence 94.40%
/home/sha/project/adversarial_deepfake/src/Similarity/FaceApp/fake/Chris Evans/Cristiano Ronaldo.jpg,Chris Evans,Cristiano Ronaldo,Chris Evans,0.998842179775238,,,0.5643531,'a close up of Chris Evans' with confidence 83.52%,'a person posing for the camera' with confidence 92.33%
/home/sha/project/adversarial_deepfake/src/Similarity/FaceApp/fake/Chris Evans/Donald Trump.jpg,Chris Evans,Donald Trump,Chris Evans,0.998842179775238,,,0,'a close up of Chris Evans' with confidence 83.52%,'a school photo of a man' with confidence 77.44%
/home/sha/project/adversarial_deepfake/src/Similarity/FaceApp/fake/Chris Evans/Shah Rukh Khan.jpg,Chris Evans,Shah Rukh Khan,Chris Evans,0.998842179775238,,,0,'a close up of Chris Evans' with confidence 83.52%,'a close up of a man smiling for the camera' with confidence 87.87%
/home/sha/project/adversarial_deepfake/src/Similarity/FaceApp/fake/Chris Evans/Daniel Radcliffe.jpg,Chris Evans,Daniel Radcliffe,Chris Evans,0.998842179775238,,,0.566262,'a close up of Chris Evans' with confidence 83.52%,'a person posing for the camera' with confidence 96.05%
/home/sha/project/adversarial_deepfake/src/Similarity/FaceApp/fake/Scarlett Johansson/IU.jpg,Scarlett Johansson,IU,Scarlett Johansson,0.9998593330383301,,,0,'Scarlett Johansson smiling for the camera' with confidence 94.55%,'a close up of a person' with confidence 96.21%
/home/sha/project/adversarial_deepfake/src/Similarity/FaceApp/fake/Scarlett Johansson/Emma Stone.jpg,Scarlett Johansson,Emma Stone,Scarlett Johansson,0.9998593330383301,,,0,'Scarlett Johansson smiling for the camera' with confidence 94.55%,'a close up of a woman who is smiling at the camera' with confidence 93.33%
/home/sha/project/adversarial_deepfake/src/Similarity/FaceApp/fake/Scarlett Johansson/Emma Watson.jpg,Scarlett Johansson,Emma Watson,Scarlett Johansson,0.9998593330383301,,,0.5621693,'Scarlett Johansson smiling for the camera' with confidence 94.55%,'a close up of a man and a woman smiling for the camera' with confidence 88.65%
/home/sha/project/adversarial_deepfake/src/Similarity/FaceApp/fake/Scarlett Johansson/Madhuri Dixit.jpg,Scarlett Johansson,Madhuri Dixit,Scarlett Johansson,0.9998593330383301,,,0,'Scarlett Johansson smiling for the camera' with confidence 94.55%,'a close up of a woman' with confidence 97.05%
/home/sha/project/adversarial_deepfake/src/Similarity/FaceApp/fake/Scarlett Johansson/Ariana Grande.jpg,Scarlett Johansson,Ariana Grande,Scarlett Johansson,0.9998593330383301,,,0,'Scarlett Johansson smiling for the camera' with confidence 94.55%,'a person smiling and posing for the camera' with confidence 96.89%
/home/sha/project/adversarial_deepfake/src/Similarity/FaceApp/fake/Scarlett Johansson/Rihanna.jpg,Scarlett Johansson,Rihanna,Scarlett Johansson,0.9998593330383301,,,0,'Scarlett Johansson smiling for the camera' with confidence 94.55%,'a close up of a person smiling and posing for the camera' with confidence 95.15%
/home/sha/project/adversarial_deepfake/src/Similarity/FaceApp/fake/Scarlett Johansson/Angelina Jolie.jpg,Scarlett Johansson,Angelina Jolie,Scarlett Johansson,0.9998593330383301,Scarlett Johansson,0.814836323261261,0,'Scarlett Johansson smiling for the camera' with confidence 94.55%,'a close up of a man and a woman smiling for the camera' with confidence 88.58%
/home/sha/project/adversarial_deepfake/src/Similarity/FaceApp/fake/Scarlett Johansson/Tamannaah.jpg,Scarlett Johansson,Tamannaah,Scarlett Johansson,0.9998593330383301,,,0,'Scarlett Johansson smiling for the camera' with confidence 94.55%,'a close up of a woman smiling and posing for the camera' with confidence 96.19%
/home/sha/project/adversarial_deepfake/src/Similarity/FaceApp/fake/Scarlett Johansson/Billie Eilish.jpg,Scarlett Johansson,Billie Eilish,Scarlett Johansson,0.9998593330383301,Scarlett Johansson,0.9992432594299316,0.658621132,'Scarlett Johansson smiling for the camera' with confidence 94.55%,'a close up of Scarlett Johansson smiling and posing for the camera' with confidence 95.37%
/home/sha/project/adversarial_deepfake/src/Similarity/FaceApp/fake/Angelina Jolie/IU.jpg,Angelina Jolie,IU,Angelina Jolie,0.9802605509757996,,,0.586123645,'Angelina Jolie smiling for the camera' with confidence 95.95%,'a close up of a woman' with confidence 95.04%
/home/sha/project/adversarial_deepfake/src/Similarity/FaceApp/fake/Angelina Jolie/Emma Stone.jpg,Angelina Jolie,Emma Stone,Angelina Jolie,0.9802605509757996,,,0.5597647,'Angelina Jolie smiling for the camera' with confidence 95.95%,'a close up of a woman' with confidence 97.24%
/home/sha/project/adversarial_deepfake/src/Similarity/FaceApp/fake/Angelina Jolie/Scarlett Johansson.jpg,Angelina Jolie,Scarlett Johansson,Angelina Jolie,0.9802605509757996,,,0.6954416,'Angelina Jolie smiling for the camera' with confidence 95.95%,'a close up of a woman' with confidence 97.26%
/home/sha/project/adversarial_deepfake/src/Similarity/FaceApp/fake/Angelina Jolie/Emma Watson.jpg,Angelina Jolie,Emma Watson,Angelina Jolie,0.9802605509757996,,,0.571614,'Angelina Jolie smiling for the camera' with confidence 95.95%,'a woman smiling and posing for the camera' with confidence 96.06%
/home/sha/project/adversarial_deepfake/src/Similarity/FaceApp/fake/Angelina Jolie/Madhuri Dixit.jpg,Angelina Jolie,Madhuri Dixit,Angelina Jolie,0.9802605509757996,Angelina Jolie,0.8463508486747742,0.608441532,'Angelina Jolie smiling for the camera' with confidence 95.95%,'a close up of Angelina Jolie' with confidence 95.47%
/home/sha/project/adversarial_deepfake/src/Similarity/FaceApp/fake/Angelina Jolie/Ariana Grande.jpg,Angelina Jolie,Ariana Grande,Angelina Jolie,0.9802605509757996,,,0,'Angelina Jolie smiling for the camera' with confidence 95.95%,'a close up of a woman' with confidence 95.92%
/home/sha/project/adversarial_deepfake/src/Similarity/FaceApp/fake/Angelina Jolie/Rihanna.jpg,Angelina Jolie,Rihanna,Angelina Jolie,0.9802605509757996,,,0,'Angelina Jolie smiling for the camera' with confidence 95.95%,'a woman smiling and posing for the camera' with confidence 96.14%
/home/sha/project/adversarial_deepfake/src/Similarity/FaceApp/fake/Angelina Jolie/Tamannaah.jpg,Angelina Jolie,Tamannaah,Angelina Jolie,0.9802605509757996,Angelina Jolie,0.9813962578773499,0.6522281,'Angelina Jolie smiling for the camera' with confidence 95.95%,'a close up of Angelina Jolie' with confidence 96.93%
/home/sha/project/adversarial_deepfake/src/Similarity/FaceApp/fake/Angelina Jolie/Billie Eilish.jpg,Angelina Jolie,Billie Eilish,Angelina Jolie,0.9802605509757996,Beau Dunn,0.8989698886871338,0.5490723,'Angelina Jolie smiling for the camera' with confidence 95.95%,'Beau Dunn posing for a photo' with confidence 96.36%
